Date,Open,High,Low,Close,Adj Close,Volume,3day_before_change
2020-09-09,24.209999,24.709999,23.799999,23.99,23.99,1548162,-
2020-09-08,24.25,24.99,23.610001,23.809998999999998,23.809998999999998,2624100,-
2020-09-04,26.0,26.360001,23.1,25.15,25.15,7157700,0.686220972102539
2020-09-03,27.0,27.450001,24.6,25.969998999999998,25.969998999999998,14339600,0.7949189038823938
2020-09-02,37.0,37.240002000000004,33.360001000000004,34.990002000000004,34.990002000000004,5942300,-
2020-09-01,34.0,36.84,33.82,36.650002,36.650002,4252000,-
2020-08-31,30.92,32.91,30.870001000000002,32.669998,32.669998,2633500,1.0641692812974175
2020-08-28,30.469998999999998,31.200001,30.469998999999998,30.700001,30.700001,917800,1.060815478202644
2020-08-27,30.27,30.469998999999998,29.65,30.299999,30.299999,951400,1.067653279339439
2020-08-26,29.34,31.0,29.32,30.25,30.25,1944400,-
2020-08-25,28.200001,29.209999,27.809998999999998,28.940001000000002,28.940001000000002,782100,-
2020-08-24,29.27,29.27,28.01,28.379998999999998,28.379998999999998,825700,0.9772726591848258
2020-08-21,29.629998999999998,30.360001,28.85,29.040001,29.040001,1257600,1.0048443252595156
2020-08-20,28.700001,30.190001000000002,28.261999,29.799999,29.799999,958800,1.0325709621423782
2020-08-19,28.940001000000002,29.33,28.190001000000002,28.889999,28.889999,822700,-
2020-08-18,29.08,29.34,28.68,28.9,28.9,653600,-
2020-08-17,29.280001000000002,29.59,28.52,28.860001,28.860001,679700,0.9890336189170665
2020-08-14,29.67,29.809998999999998,28.709999,29.18,29.18,512900,1.0167247032500104
2020-08-13,28.799999,29.889999,28.790001,29.5,29.5,1167100,1.0401974245346466
2020-08-12,28.84,29.719998999999998,28.700001,28.85,28.85,1115300,-
2020-08-11,28.1,28.879998999999998,27.245001000000002,28.700001,28.700001,1086300,-
2020-08-10,30.0,30.18,26.98,28.360001,28.360001,1331100,0.9500837855946398
2020-08-07,31.5,32.0,29.379998999999998,29.85,29.85,1410900,0.9641473179634147
2020-08-06,33.0,33.087002000000005,31.290001,31.6,31.6,900100,1.0289808215233092
2020-08-05,31.08,32.942001,30.504998999999998,32.84,32.84,1527400,-
2020-08-04,30.77,31.09,30.27,30.959999,30.959999,814400,-
2020-08-03,30.540001,30.950001,30.040001,30.709999,30.709999,1145700,1.0075458989501311
2020-07-31,29.32,30.48,29.32,30.48,30.48,875600,1.0816181689141235
2020-07-30,29.32,30.48,29.040001,29.91,29.91,1635600,1.0674518201284797
2020-07-29,28.48,29.959999,28.395,29.940001000000002,29.940001000000002,1934400,-
2020-07-28,27.870001000000002,28.76,27.5,28.18,28.18,1988900,-
2020-07-27,27.139999,28.219998999999998,26.715,28.02,28.02,1753300,1.0358595577027563
2020-07-24,26.83,27.200001,26.459999,27.049999,27.049999,1529700,0.9829214752906977
2020-07-23,27.700001,27.92,26.958,27.4,27.4,1349100,1.0155670867309117
2020-07-22,27.58,27.790001,27.16,27.67,27.67,917900,-
2020-07-21,27.360001,27.886,26.74,27.52,27.52,1502300,-
2020-07-20,26.139999,27.190001000000002,26.129998999999998,26.98,26.98,2072000,1.0473602484472049
2020-07-17,25.389999,25.940001000000002,25.09,25.76,25.76,1092900,1.0141732283464568
2020-07-16,25.299999,25.49,24.389999,25.299999,25.299999,1328700,0.9855862485391507
2020-07-15,25.66,25.969998999999998,24.959999,25.809998999999998,25.809998999999998,1074900,-
2020-07-14,25.360001,25.76,24.360001,25.4,25.4,1889000,-
2020-07-13,28.4,28.700001,25.65,25.67,25.67,2281300,0.9096385864506942
2020-07-10,30.01,30.18,28.110001,28.219998999999998,28.219998999999998,1727000,0.9488903496973773
2020-07-09,30.35,30.5,29.02,30.08,30.08,2376700,1.0131357018142235
2020-07-08,29.84,30.125,29.129998999999998,30.059998999999998,30.059998999999998,1044100,-
2020-07-07,29.799999,30.24,29.42,29.74,29.74,1077500,-
2020-07-06,30.280001000000002,30.620001000000002,29.5,29.690001000000002,29.690001000000002,2424300,-
2020-07-02,30.209999,30.739,29.91,30.01,30.01,1633900,1.0717857142857143
2020-07-01,28.620001000000002,30.219998999999998,28.5,29.799999,29.799999,1714500,-
2020-06-30,28.190001000000002,28.860001,27.889999,28.620001000000002,28.620001000000002,1287000,-
2020-06-29,29.049999,29.049999,27.5,28.0,28.0,1739500,0.9618687405747598
2020-06-26,29.01,30.309998999999998,28.879998999999998,29.110001,29.110001,4589900,0.9904730177091874
2020-06-25,29.059998999999998,29.52,28.309998999999998,28.950001,28.950001,1637400,0.939020467077522
2020-06-24,29.0,30.004998999999998,28.32,28.860001,28.860001,2132100,-
2020-06-23,31.0,31.32,28.780001000000002,29.389999,29.389999,5139300,-
2020-06-22,30.27,31.280001000000002,29.23,30.83,30.83,4209100,1.0081752779594506
2020-06-19,32.689999,32.689999,30.139999,30.58,30.58,2086100,1.046543499197245
2020-06-18,28.93,31.0,28.82,31.0,31.0,2129300,1.1443337024732374
2020-06-17,29.299999,29.49,28.17,28.799999,28.799999,2211000,-
2020-06-16,27.549999,29.23,27.15,29.219998999999998,29.219998999999998,2158000,-
2020-06-15,24.52,27.129998999999998,24.4,27.09,27.09,2012700,1.093661687525232
2020-06-12,24.959999,25.57,23.940001000000002,24.77,24.77,1294000,0.9266741488963711
2020-06-11,25.700001,25.75,23.91,24.35,24.35,1509600,0.8896601794059124
2020-06-10,26.93,27.450001,26.07,26.469998999999998,26.469998999999998,1534200,-
2020-06-09,27.16,27.35,26.049999,26.73,26.73,2429700,-
2020-06-08,26.32,27.49,25.805,27.370001000000002,27.370001000000002,3160700,1.0418728968405027
2020-06-05,25.309998999999998,26.299999,23.59,26.27,26.27,4652900,0.9453040321948891
2020-06-04,27.889999,28.549999,25.82,26.92,26.92,3086500,0.9610853266690468
2020-06-03,28.25,28.74,27.83,28.32,28.32,2058000,-
2020-06-02,28.41,28.65,27.059998999999998,27.790001,27.790001,1474300,-
2020-06-01,27.379998999999998,29.062,27.0,28.01,28.01,2409600,1.0549906235401365
2020-05-29,25.35,26.559998999999998,25.129998999999998,26.549999,26.549999,1379900,0.9973703231641501
2020-05-28,24.719998999999998,25.73,24.5,24.969998999999998,24.969998999999998,1709000,-
2020-05-27,26.5,26.51,23.469998999999998,24.690001000000002,24.690001000000002,2302600,-
2020-05-26,28.120001000000002,28.59,25.85,26.620001000000002,26.620001000000002,1733800,-
2020-05-22,26.950001,27.934998999999998,26.440001000000002,27.879998999999998,27.879998999999998,859200,1.077696092860607
2020-05-21,26.690001000000002,26.950001,26.0,26.709999,26.709999,1139800,1.0761482272360998
2020-05-20,26.370001000000002,26.76,26.01,26.540001,26.540001,596600,-
2020-05-19,24.799999,26.15,24.66,25.870001000000002,25.870001000000002,681300,-
2020-05-18,26.65,26.65,24.6,24.82,24.82,805900,0.9650078135695107
2020-05-15,25.15,25.799999,24.5,25.719998999999998,25.719998999999998,1105000,1.0350100201207242
2020-05-14,23.709999,25.620001000000002,23.530001000000002,25.27,25.27,890200,1.0144520272982738
2020-05-13,24.99,25.15,22.959999,24.17,24.17,1050200,-
2020-05-12,25.059998999999998,26.030001000000002,24.27,24.85,24.85,647000,-
2020-05-11,24.4,25.16,24.1,24.91,24.91,844200,1.0138380138380139
2020-05-08,24.5,24.700001,23.5,24.57,24.57,1063500,1.1535211809164874
2020-05-07,22.51,24.267,22.51,24.09,24.09,973600,1.1581731326044775
2020-05-06,21.49,22.5,21.41,22.09,22.09,939000,-
2020-05-05,21.18,21.68,21.030001000000002,21.299999,21.299999,669400,-
2020-05-04,20.469998999999998,21.16,20.129998999999998,20.799999,20.799999,669400,1.0033767004341534
2020-05-01,20.32,21.639999,20.0,20.73,20.73,632400,0.9736965254252454
2020-04-30,21.25,21.68,20.58,21.110001,21.110001,1013100,0.9526173736462094
2020-04-29,21.610001,21.98,21.379998999999998,21.5,21.5,755700,-
2020-04-28,22.459999,22.815001000000002,20.75,21.290001,21.290001,618800,-
2020-04-27,21.73,22.5,21.73,22.16,22.16,540800,1.0326188738405813
2020-04-24,21.5,21.74,20.91,21.459999,21.459999,415300,1.0156176060396407
2020-04-23,21.059998999999998,22.1,21.049999,21.450001,21.450001,802700,0.9921369106319652
2020-04-22,21.51,21.809998999999998,20.65,21.09,21.09,931500,-
2020-04-21,21.02,21.780001000000002,20.459999,21.129998999999998,21.129998999999998,968500,-
2020-04-20,20.52,22.09,20.139999,21.620001000000002,21.620001000000002,1154900,1.0339550932568151
2020-04-17,20.0,20.940001000000002,19.83,20.91,20.91,1042100,1.0890624432779978
2020-04-16,19.43,19.799999,19.120001000000002,19.719998999999998,19.719998999999998,956400,1.0313806468943174
2020-04-15,18.469998999999998,19.559998999999998,18.219998999999998,19.389999,19.389999,1215400,-
2020-04-14,19.43,19.48,18.68,19.200001,19.200001,1840200,-
2020-04-13,18.389999,19.16,18.1,19.120001000000002,19.120001000000002,1227200,-
2020-04-09,18.290001,19.27,18.07,18.389999,18.389999,1835000,1.0654692352259558
2020-04-08,16.950001,18.25,16.709999,18.129998999999998,18.129998999999998,2663800,-
2020-04-07,18.0,18.0,15.93,16.629998999999998,16.629998999999998,1734300,-
2020-04-06,15.85,17.43,15.6,17.26,17.26,2547100,1.1422898742554601
2020-04-03,15.84,15.84,14.7,15.11,15.11,2571900,0.8744212456932148
2020-04-02,16.110001,16.15,15.0,15.89,15.89,2582600,0.9330592523159569
2020-04-01,16.74,17.15,15.65,16.040001,16.040001,2148300,-
2020-03-31,16.950001,17.73,16.82,17.280001000000002,17.280001000000002,1158500,-
2020-03-30,16.18,17.18,16.0,17.030001000000002,17.030001000000002,1297500,1.0447854015205769
2020-03-27,17.83,17.83,15.71,16.299999,16.299999,1650000,0.9040487019385078
2020-03-26,18.57,19.209999,17.9,18.4,18.4,1887200,1.0342888682243467
2020-03-25,18.07,18.9,17.99,18.35,18.35,2741200,-
2020-03-24,18.75,19.139999,17.74,18.030001000000002,18.030001000000002,1592200,-
2020-03-23,17.16,18.790001,16.6,17.790001,17.790001,4163000,0.9328789197692711
2020-03-20,18.83,19.57,17.934,19.07,19.07,2661600,1.2764390896921018
2020-03-19,14.47,18.84,14.47,18.43,18.43,2433600,1.4320124320124321
2020-03-18,13.86,15.73,13.55,14.92,14.92,1139700,-
2020-03-17,13.14,14.94,12.33,14.94,14.94,1148900,-
2020-03-16,13.12,14.34,12.63,12.87,12.87,1144500,0.8244714926329276
2020-03-13,16.370001000000002,16.764999,13.75,15.61,15.61,1183200,0.8100674623767514
2020-03-12,16.67,17.690001000000002,15.23,15.77,15.77,1128500,0.8683920704845814
2020-03-11,18.700001,18.85,17.965,18.1,18.1,918100,-
2020-03-10,18.73,19.280001000000002,17.889999,19.27,19.27,1229500,-
2020-03-09,18.5,18.76,17.58,18.16,18.16,1016400,0.927003573251659
2020-03-06,19.26,19.969998999999998,18.940001000000002,19.59,19.59,1148200,0.9785214785214785
2020-03-05,20.219998999999998,20.6,19.280001000000002,19.790001,19.790001,904000,0.9482510805821235
2020-03-04,20.48,21.02,19.620001000000002,20.700001,20.700001,774300,-
2020-03-03,21.01,21.629998999999998,19.18,20.02,20.02,1035100,-
2020-03-02,20.99,21.25,20.040001,20.870001000000002,20.870001000000002,1336800,1.0131068446601943
2020-02-28,18.02,20.940001000000002,18.01,20.6,20.6,1830900,1.039354187689203
2020-02-27,19.110001,19.308001,17.975,18.59,18.59,1142300,0.9024271844660193
2020-02-26,19.85,20.315001000000002,19.389999,19.5,19.5,771700,-
2020-02-25,20.780001000000002,21.0,19.57,19.82,19.82,954900,-
2020-02-24,20.16,20.84,19.15,20.6,20.6,1952400,0.9790874059369105
2020-02-21,21.16,21.330999,20.628,21.040001,21.040001,1169500,0.9713758541089565
2020-02-20,22.16,22.530001000000002,21.17,21.299999,21.299999,1075300,-
2020-02-19,21.75,22.76,21.719998999999998,21.99,21.99,1091400,-
2020-02-18,21.299999,21.73,21.183001,21.66,21.66,594200,-
2020-02-14,21.1,21.879998999999998,20.959999,21.299999,21.299999,608300,0.9525938303848913
2020-02-13,21.889999,22.110001,21.01,21.07,21.07,869600,0.9204893368496871
2020-02-12,22.1,22.309998999999998,21.379998999999998,22.049999,22.049999,2067100,-
2020-02-11,23.129998999999998,23.129998999999998,22.15,22.360001,22.360001,445200,-
2020-02-10,22.469998999999998,23.118999,21.860001,22.889999,22.889999,827500,1.0173332888888889
2020-02-07,22.9,23.059998999999998,22.290001,22.5,22.5,1039800,0.9347735770668882
2020-02-06,22.9,23.200001,22.42,22.889999,22.889999,917800,0.9748721890971039
2020-02-05,24.360001,24.360001,22.709999,22.91,22.91,482900,-
2020-02-04,23.76,24.65,23.360001,24.07,24.07,427400,-
2020-02-03,23.389999,23.655001000000002,22.98,23.48,23.48,350200,1.006861063464837
2020-01-31,24.5,24.639999,23.030001000000002,23.32,23.32,680700,0.9856297548605241
2020-01-30,24.129998999999998,24.65,23.895,24.610001,24.610001,302500,1.0653680086580086
2020-01-29,23.85,24.625999,23.709999,24.35,24.35,561000,-
2020-01-28,23.219998999999998,23.83,23.014999,23.66,23.66,418200,-
2020-01-27,23.200001,23.33,22.950001,23.1,23.1,518800,0.9738617611240205
2020-01-24,24.719998999999998,24.719998999999998,23.34,23.719998999999998,23.719998999999998,754800,0.9579967285945071
2020-01-23,25.0,25.200001,24.08,24.16,24.16,943500,-
2020-01-22,24.76,25.790001,24.75,25.379998999999998,25.379998999999998,519200,-
2020-01-21,25.309998999999998,25.51,24.73,24.76,24.76,559100,-
2020-01-17,25.5,25.879998999999998,25.209999,25.23,25.23,517500,1.0210441530167607
2020-01-16,24.620001000000002,25.48,24.530001000000002,25.370001000000002,25.370001000000002,496500,1.0180578250401284
2020-01-15,24.690001000000002,25.139999,24.325001,24.42,24.42,531600,-
2020-01-14,25.26,25.26,24.469998999999998,24.709999,24.709999,302700,-
2020-01-13,24.1,25.25,24.0,24.92,24.92,640000,1.0293267670106059
2020-01-10,24.809998999999998,25.0,24.17,24.209999,24.209999,474700,0.9793689312042448
2020-01-09,25.49,25.49,24.17,24.65,24.65,850500,1.0004058847567323
2020-01-08,24.32,25.42,24.049999,25.27,25.27,1134800,-
2020-01-07,24.77,25.23,24.09,24.719998999999998,24.719998999999998,658300,-
2020-01-06,24.120001000000002,24.889999,24.01,24.639999,24.639999,565900,1.0106644795186415
2020-01-03,24.09,24.459,23.66,24.379998999999998,24.379998999999998,602700,1.0423257820575367
2020-01-02,23.690001000000002,24.4,23.690001000000002,24.34,24.34,553700,1.037068642397471
2019-12-31,23.42,23.700001,23.18,23.389999,23.389999,585000,-
2019-12-30,23.26,23.639999,22.75,23.469998999999998,23.469998999999998,649200,1.0068640071584731
2019-12-27,23.940001000000002,24.040001,23.18,23.309998999999998,23.309998999999998,703100,0.9806478334034496
2019-12-26,23.93,24.42,23.84,23.99,23.99,426000,1.0135192226446978
2019-12-24,23.66,24.1,23.52,23.77,23.77,315600,-
2019-12-23,24.65,24.68,23.530001000000002,23.67,23.67,1003800,0.9602434077079108
2019-12-20,24.6,25.1,23.91,24.65,24.65,3613800,1.016914191419142
2019-12-19,24.629998999999998,25.219998999999998,24.5,24.6,24.6,898300,1.0663198959687907
2019-12-18,24.4,25.440001000000002,24.254998999999998,24.82,24.82,1270700,-
2019-12-17,24.299999,24.379998999999998,23.25,24.24,24.24,2178900,-
2019-12-16,23.190001000000002,23.360001,22.92,23.07,23.07,1098400,0.9991338241663058
2019-12-13,22.23,23.450001,22.209999,23.09,23.09,1071000,1.0244010193255981
2019-12-12,22.33,22.65,21.91,22.219998999999998,22.219998999999998,1177200,0.9487616994022202
2019-12-11,22.25,22.83,22.07,22.370001000000002,22.370001000000002,1258400,-
2019-12-10,22.77,23.0,22.219998999999998,22.540001,22.540001,2351800,-
2019-12-09,21.82,23.530001000000002,21.82,23.42,23.42,1661900,1.0738193981576984
2019-12-06,20.530001000000002,22.75,20.530001000000002,21.809998999999998,21.809998999999998,5167400,0.8532863792365563
2019-12-05,25.709999,26.07,24.459999,24.99,24.99,1406500,1.024600288011492
2019-12-04,25.450001,26.23,25.139999,25.65,25.65,821800,-
2019-12-03,23.57,25.639999,22.91,25.559998999999998,25.559998999999998,1286600,-
2019-12-02,26.15,26.15,24.299999,24.389999,24.389999,1014100,0.9362763891084986
2019-11-29,25.84,26.370001000000002,25.780001000000002,26.049999,26.049999,237400,0.9763867691154423
2019-11-27,26.1,26.426001,24.610001,26.07,26.07,1149100,-
2019-11-26,26.02,26.99,25.75,26.68,26.68,828500,-
2019-11-25,27.1,27.450001,26.1,26.280001000000002,26.280001000000002,729500,0.9776786450029259
2019-11-22,26.709999,27.32,26.450001,26.879998999999998,26.879998999999998,755700,1.064554415841584
2019-11-21,26.780001000000002,27.84,26.049999,26.360001,26.360001,1377800,1.0883568161997035
2019-11-20,25.35,26.24,24.950001,26.02,26.02,1638300,-
2019-11-19,24.32,25.35,23.950001,25.25,25.25,1183800,-
2019-11-18,23.389999,25.0,23.049999,24.219998999999998,24.219998999999998,1111700,1.0297618622448979
2019-11-15,22.58,23.825001,22.33,23.52,23.52,609800,1.030674846625767
2019-11-14,22.030001000000002,22.639999,21.959999,22.33,22.33,418500,1.0008965038501347
2019-11-13,22.68,22.805,21.959999,22.049999,22.049999,469300,-
2019-11-12,22.370001000000002,22.986,22.360001,22.82,22.82,516600,-
2019-11-11,22.16,22.610001,21.799999,22.309998999999998,22.309998999999998,428000,0.9986570725156668
2019-11-08,22.379998999999998,22.66,21.719998999999998,22.34,22.34,618900,0.962101677954422
2019-11-07,23.790001,23.809998999999998,22.129998999999998,22.370001000000002,22.370001000000002,742300,0.9519149361702128
2019-11-06,23.219998999999998,23.959999,22.780001000000002,23.700001,23.700001,604300,-
2019-11-05,23.57,23.9,22.92,23.219998999999998,23.219998999999998,567700,-
2019-11-04,23.059998999999998,23.629998999999998,23.030001000000002,23.5,23.5,490600,1.0235192083414288
2019-11-01,23.0,23.690001000000002,22.709999,22.959999,22.959999,476500,1.0195381438721136
2019-10-31,22.82,23.6,22.26,22.99,22.99,490300,0.9812206572769953
2019-10-30,22.559998999999998,23.23,21.799999,22.879998999999998,22.879998999999998,982000,-
2019-10-29,23.65,23.9,22.389999,22.52,22.52,808800,-
2019-10-28,24.83,24.899,23.389999,23.43,23.43,843200,0.948967154760342
2019-10-25,24.700001,25.190001000000002,23.860001,24.690001000000002,24.690001000000002,663100,1.0168863254989158
2019-10-24,23.9,25.799999,23.82,24.620001000000002,24.620001000000002,1009600,0.9879615168539326
2019-10-23,24.0,24.66,23.48,23.620001000000002,23.620001000000002,1215200,-
2019-10-22,24.98,25.09,24.1,24.280001000000002,24.280001000000002,1136200,-
2019-10-21,25.290001,25.620001000000002,23.77,24.92,24.92,1047600,0.9791748141778069
2019-10-18,26.200001,26.280001000000002,24.77,25.450001,25.450001,1080000,0.9278162960262486
2019-10-17,26.67,26.92,26.01,26.51,26.51,844900,1.0022683931089456
2019-10-16,26.83,27.469998999999998,26.73,27.07,27.07,1116600,-
2019-10-15,26.9,27.67,26.110001,27.43,27.43,1415700,-
2019-10-14,26.09,26.610001,25.65,26.450001,26.450001,743000,1.013798428516673
2019-10-11,26.110001,26.92,25.99,26.09,26.09,814200,0.9886320950599505
2019-10-10,26.469998999999998,26.691,25.209999,26.0,26.0,2110600,0.9723261032161556
2019-10-09,26.57,26.950001,25.917,26.530001000000002,26.530001000000002,1962000,-
2019-10-08,26.0,26.450001,24.799999,26.389999,26.389999,5957500,-
2019-10-07,27.49,27.620001000000002,26.649,26.74,26.74,801000,0.9653429254388834
2019-10-04,27.799999,28.110001,27.4,27.700001,27.700001,280500,0.9805310088495576
2019-10-03,27.5,28.16,26.690001000000002,27.92,27.92,1337400,0.9883185840707965
2019-10-02,27.77,28.139999,27.25,27.25,27.25,439000,-
2019-10-01,28.200001,29.209999,27.809998999999998,28.25,28.25,326100,-
2019-09-30,28.26,28.870001000000002,27.700001,28.25,28.25,454000,1.0003541076487252
2019-09-27,29.99,30.0,27.889999,28.24,28.24,487300,0.9737931034482759
2019-09-26,27.860001,29.870001000000002,27.860001,29.290001,29.290001,905200,0.9216488382111756
2019-09-25,28.809998999999998,29.02,27.709999,28.15,28.15,755000,-
2019-09-24,31.440001000000002,31.780001000000002,28.049999,29.0,29.0,1144400,-
2019-09-23,29.42,31.85,28.68,31.780001000000002,31.780001000000002,789800,1.0682353277310925
2019-09-20,29.809998999999998,30.360001,29.15,29.75,29.75,665400,0.9712700284449896
2019-09-19,30.309998999999998,30.639999,28.85,29.280001000000002,29.280001000000002,353800,0.954056697489192
2019-09-18,30.629998999999998,31.09,30.059998999999998,30.440001000000002,30.440001000000002,349300,-
2019-09-17,30.75,31.32,30.219998999999998,30.629998999999998,30.629998999999998,273400,-
2019-09-16,29.43,31.309998999999998,29.290001,30.690001000000002,30.690001000000002,371800,1.0247078455857148
2019-09-13,31.9,32.099998,29.73,29.950001,29.950001,567500,1.0910746779207767
2019-09-12,31.35,32.540001000000004,30.469998999999998,31.35,31.35,745900,1.1097345132743364
2019-09-11,27.5,31.5,27.48,31.469998999999998,31.469998999999998,1589600,-
2019-09-10,28.42,29.254998999999998,26.98,27.450001,27.450001,1704600,-
2019-09-09,32.700001,33.110001000000004,27.82,28.25,28.25,2372800,0.8700338506303094
2019-09-06,33.950001,34.889998999999996,31.889999,32.470001,32.470001,3206000,0.8642534202821401
2019-09-05,38.560001,38.849998,36.279999,36.599998,36.599998,1372300,-
2019-09-04,37.540001000000004,38.705002,37.509997999999996,38.040001000000004,38.040001000000004,692800,-
2019-09-03,38.650002,39.584998999999996,37.389998999999996,37.57,37.57,1712300,-
2019-08-30,39.0,39.560001,38.110001000000004,39.27,39.27,1386600,1.1055743243243243
2019-08-29,36.369999,38.970001,36.299999,38.41,38.41,766500,1.0789326448838563
2019-08-28,35.5,36.099998,35.060001,35.950001,35.950001,291700,-
2019-08-27,35.759997999999996,36.384997999999996,35.200001,35.52,35.52,310500,-
2019-08-26,35.040001000000004,35.990002000000004,34.912997999999995,35.599998,35.599998,368600,1.021227681548259
2019-08-23,35.68,35.950001,34.720001,34.860001000000004,34.860001000000004,243800,1.010434811594203
2019-08-22,35.189999,35.959998999999996,34.509997999999996,35.82,35.82,435200,1.011293111874258
2019-08-21,34.580002,36.43,34.5,35.029999,35.029999,310100,-
2019-08-20,35.139998999999996,35.259997999999996,33.849998,34.5,34.5,604600,-
2019-08-19,35.0,35.880001,33.279999,35.419998,35.419998,604300,1.0213378892733564
2019-08-16,33.959998999999996,36.599998,33.880001,34.68,34.68,747800,0.9580110232593639
2019-08-15,35.810001,35.810001,33.25,33.75,33.75,1025800,0.9231400185136757
2019-08-14,36.48,37.209998999999996,34.849998,35.75,35.75,567000,-
2019-08-13,36.02,36.84,34.75,36.200001,36.200001,648900,-
2019-08-12,37.419998,37.439999,36.169998,36.560001,36.560001,367900,0.9723405038478992
2019-08-09,39.990002000000004,40.560001,37.049999,37.599998,37.599998,428000,1.0189700802726243
2019-08-08,38.040001000000004,40.110001000000004,38.040001000000004,40.07,40.07,795700,1.0654081078062188
2019-08-07,36.290001000000004,37.849998,35.900002,37.59,37.59,200900,-
2019-08-06,38.759997999999996,39.189999,36.349998,36.900002,36.900002,669100,-
2019-08-05,38.099998,39.314999,36.310001,37.610001000000004,37.610001000000004,824600,0.9538422774537155
2019-08-02,41.57,41.57,39.299999,39.43,39.43,613900,0.8770017988656984
2019-08-01,43.900002,44.18,41.174,41.700001,41.700001,496800,0.946651576541466
2019-07-31,44.77,45.060001,43.009997999999996,44.200001,44.200001,474300,-
2019-07-30,43.360001000000004,45.117001,42.720001,44.959998999999996,44.959998999999996,295900,-
2019-07-29,45.669998,45.68,43.18,44.049999,44.049999,490300,0.9643169658493871
2019-07-26,43.73,45.990002000000004,43.34,45.68,45.68,419800,1.0346545397664988
2019-07-25,44.66,44.93,43.220001,43.5,43.5,440400,0.9324758442668448
2019-07-24,44.599998,45.43,43.07,44.939999,44.939999,642100,-
2019-07-23,46.799999,47.189999,43.700001,44.150002,44.150002,1252500,-
2019-07-22,46.580002,48.73,46.049999,46.650002,46.650002,576000,1.0077770791147747
2019-07-19,45.18,47.549999,45.049999,46.290001000000004,46.290001000000004,735400,0.9536464780872171
2019-07-18,47.599998,47.610001000000004,44.91,44.91,44.91,660600,0.9045316856180589
2019-07-17,48.5,48.880001,46.68,47.689999,47.689999,605400,-
2019-07-16,49.560001,49.689999,47.919998,48.540001000000004,48.540001000000004,400400,-
2019-07-15,49.439999,50.360001000000004,49.007999,49.650002,49.650002,598300,1.022025524000596
2019-07-12,49.040001000000004,49.040001000000004,47.25,48.580002,48.580002,816600,0.9774648093065431
2019-07-11,50.66,50.759997999999996,48.299999,49.400002,49.400002,621800,1.0360738674496643
2019-07-10,50.790001000000004,51.880001,48.990002000000004,50.52,50.52,574600,-
2019-07-09,47.5,49.700001,47.325001,49.700001,49.700001,476300,-
2019-07-08,47.619999,47.93,46.540001000000004,47.68,47.68,579900,0.9997903333988327
2019-07-05,46.830002,47.810001,46.5,47.689999,47.689999,350300,1.030912258145796
2019-07-03,46.720001,47.950001,46.310001,47.029999,47.029999,321600,-
2019-07-02,45.830002,46.540001000000004,44.5,46.259997999999996,46.259997999999996,660700,-
2019-07-01,48.0,48.735001000000004,44.703998999999996,46.080002,46.080002,842200,0.9793836977552327
2019-06-28,48.119999,48.799999,45.91,47.049999,47.049999,1217800,0.9901094065656565
2019-06-27,46.529999,48.43,45.291,47.779999,47.779999,1103400,0.9695616876940277
2019-06-26,48.0,49.759997999999996,46.060001,46.48,46.48,913200,-
2019-06-25,49.310001,50.199001,47.139998999999996,47.52,47.52,693600,-
2019-06-24,53.509997999999996,53.560001,47.560001,49.279999,49.279999,988800,0.9226736378955251
2019-06-21,53.459998999999996,54.75,52.755001,53.41,53.41,908600,0.980899890157945
2019-06-20,54.34,54.689999,52.990002000000004,53.790001000000004,53.790001000000004,456600,0.9732223810385381
2019-06-19,54.41,54.867001,52.541,54.360001000000004,54.360001000000004,409200,-
2019-06-18,55.59,57.27,54.02,54.450001,54.450001,405200,-
2019-06-17,58.099998,59.82,54.02,55.27,55.27,568400,0.9633955196687384
2019-06-14,54.459998999999996,57.369999,53.18,57.369999,57.369999,414300,1.1419187244459106
2019-06-13,56.110001000000004,56.669998,53.43,54.099998,54.099998,461600,1.085255770722398
2019-06-12,50.0,55.669998,50.0,55.310001,55.310001,661500,-
2019-06-11,50.299999,50.66,49.009997999999996,50.240002000000004,50.240002000000004,365800,-
2019-06-10,51.169998,52.950001,49.009997999999996,49.849998,49.849998,714100,1.0194273202688213
2019-06-07,50.0,55.290001000000004,46.0,48.900002,48.900002,2195000,1.094939587998209
2019-06-06,47.07,48.18,44.549999,47.560001,47.560001,1017700,1.0292144996583965
2019-06-05,45.546001000000004,48.880001,44.709998999999996,47.580002,47.580002,582600,-
2019-06-04,47.459998999999996,48.02,43.77,44.66,44.66,861000,-
2019-06-03,51.040001000000004,51.349998,45.150002,46.209998999999996,46.209998999999996,698600,0.8990271829172302
2019-05-31,51.220001,51.919998,49.990002000000004,51.400002,51.400002,234400,0.9794207698170733
2019-05-30,52.080002,53.990002000000004,51.490002000000004,51.810001,51.810001,187700,-
2019-05-29,51.77,52.0,49.5,51.900002,51.900002,282100,-
2019-05-28,53.209998999999996,54.0,52.279999,52.48,52.48,122400,-
2019-05-24,52.470001,53.900002,52.169998,53.209998999999996,53.209998999999996,131800,0.969746673405261
2019-05-23,53.497002,54.110001000000004,50.620998,51.98,51.98,339400,0.9440610071910459
2019-05-22,54.669998,55.222,53.865002000000004,53.990002000000004,53.990002000000004,137500,-
2019-05-21,55.790001000000004,56.985001000000004,53.900002,54.869999,54.869999,339700,-
2019-05-20,54.509997999999996,58.630001,53.831001,55.060001,55.060001,428100,1.0067654417035188
2019-05-17,55.0,56.630001,53.75,54.689999,54.689999,298900,1.039931526906256
2019-05-16,53.68,58.959998999999996,53.5,55.639998999999996,55.639998999999996,641700,1.1251769034342385
2019-05-15,52.275002,53.98,51.650002,53.450001,53.450001,263700,-
2019-05-14,50.310001,54.57,50.009997999999996,52.59,52.59,437900,-
2019-05-13,50.98,51.549999,48.119999,49.450001,49.450001,542900,0.9542647819374759
2019-05-10,49.450001,52.130001,48.18,51.82,51.82,378800,1.0566883960707911
2019-05-09,48.959998999999996,49.811001,47.5,49.23,49.23,189600,1.0038743677839645
2019-05-08,49.490002000000004,50.421001000000004,49.080002,49.080002,49.080002,270600,-
2019-05-07,49.0,50.470001,48.080002,49.040001000000004,49.040001000000004,491800,-
2019-05-06,44.799999,49.77,44.799999,49.040001000000004,49.040001000000004,546400,1.0568965277199773
2019-05-03,46.119999,48.130001,46.060001,46.400002,46.400002,293300,0.9893390196443915
2019-05-02,46.290001000000004,46.645,44.299999,45.740002000000004,45.740002000000004,517000,0.9836559569892473
2019-05-01,47.150002,48.400002,46.740002000000004,46.82,46.82,518700,-
2019-04-30,46.049999,48.429001,44.179001,46.900002,46.900002,755000,-
2019-04-29,43.849998,46.869999,43.599998,46.5,46.5,688400,1.07638886397248
2019-04-26,39.549999,43.490002000000004,39.549999,43.200001,43.200001,476900,1.0832497471602371
2019-04-25,40.400002,40.400002,39.0,39.5,39.5,381700,1.0027926124090534
2019-04-24,40.18,40.200001,39.349998,40.200001,40.200001,331600,-
2019-04-23,39.400002,39.900002,39.0,39.880001,39.880001,289200,-
2019-04-22,39.150002,39.599998,38.139998999999996,39.389998999999996,39.389998999999996,330400,-
2019-04-18,40.439999,40.439999,38.110001000000004,39.150002,39.150002,600800,0.999489507249911
2019-04-17,38.209998999999996,41.950001,37.5,40.0,40.0,1143200,-
2019-04-16,39.639998999999996,39.700001,37.900002,38.049999,38.049999,727600,-
2019-04-15,38.5,39.860001000000004,36.25,39.169998,39.169998,961200,0.9916455189873418
2019-04-12,39.119999,40.880001,37.398998,39.5,39.5,1504700,-
2019-04-11,36.75,39.610001000000004,36.0,38.25,38.25,9287900,-
